skill,category
Python,Programming
Java,Programming
C,Programming
C++,Programming
C#,Programming
JavaScript,Programming
TypeScript,Programming
R,Programming
Go,Programming
Rust,Programming
Kotlin,Programming
Swift,Programming
PHP,Programming
Ruby,Programming
Dart,Programming
Scala,Programming
MATLAB,Programming
Perl,Programming
Bash,Programming
PowerShell,Programming
Object-Oriented Programming,Programming
Data Structures,Programming
Algorithms,Programming
Git,Version Control
GitHub,Version Control
GitLab,Version Control
 
Excel,Data Analytics
Advanced Excel,Data Analytics
Google Sheets,Data Analytics
SQL,Data Analytics
MySQL,Data Analytics
PostgreSQL,Data Analytics
Oracle SQL,Data Analytics
Data Cleaning,Data Analytics
Data Wrangling,Data Analytics
Data Analysis,Data Analytics
Exploratory Data Analysis,Data Analytics
Statistical Analysis,Data Analytics
Descriptive Statistics,Data Analytics
Inferential Statistics,Data Analytics
Data Visualization,Data Analytics
Business Intelligence,Data Analytics
Power BI,Data Analytics
Tableau,Data Analytics
Looker,Data Analytics
Looker Studio,Data Analytics
Qlik Sense,Data Analytics
DAX,Data Analytics
Power Query,Data Analytics
Pivot Tables,Data Analytics
VLOOKUP,Data Analytics
XLOOKUP,Data Analytics
Matplotlib,Data Analytics
Seaborn,Data Analytics
Plotly,Data Analytics
Pandas,Data Analytics
NumPy,Data Analytics
Jupyter Notebook,Data Analytics


Machine Learning,Artificial Intelligence
Deep Learning,Artificial Intelligence
Artificial Intelligence,Artificial Intelligence
Generative AI,Artificial Intelligence
Natural Language Processing,Artificial Intelligence
Computer Vision,Artificial Intelligence
Reinforcement Learning,Artificial Intelligence
Supervised Learning,Artificial Intelligence
Unsupervised Learning,Artificial Intelligence
Semi-Supervised Learning,Artificial Intelligence
Feature Engineering,Artificial Intelligence
Model Training,Artificial Intelligence
Model Evaluation,Artificial Intelligence
Hyperparameter Tuning,Artificial Intelligence
Classification,Artificial Intelligence
Regression,Artificial Intelligence
Clustering,Artificial Intelligence
Dimensionality Reduction,Artificial Intelligence
Time Series Analysis,Artificial Intelligence
Recommendation Systems,Artificial Intelligence
Anomaly Detection,Artificial Intelligence
Predictive Modeling,Artificial Intelligence
Scikit-learn,Artificial Intelligence
TensorFlow,Artificial Intelligence
PyTorch,Artificial Intelligence
Keras,Artificial Intelligence
XGBoost,Artificial Intelligence
LightGBM,Artificial Intelligence
OpenCV,Artificial Intelligence
Transformers,Artificial Intelligence
Large Language Models,Artificial Intelligence
LLMs,Artificial Intelligence
Prompt Engineering,Artificial Intelligence
Retrieval Augmented Generation,Artificial Intelligence
RAG,Artificial Intelligence
Generative AI Applications,Artificial Intelligence
Chatbot Development,Artificial Intelligence
Speech Recognition,Artificial Intelligence
Speech Synthesis,Artificial Intelligence
Sentiment Analysis,Artificial Intelligence
Text Classification,Artificial Intelligence
Text Summarization,Artificial Intelligence
Object Detection,Artificial Intelligence
Image Classification,Artificial Intelligence
Face Recognition,Artificial Intelligence

HTML,Web Development
HTML5,Web Development
CSS,Web Development
CSS3,Web Development
JavaScript,Web Development
TypeScript,Web Development
React,Web Development
React.js,Web Development
Angular,Web Development
Vue.js,Web Development
Next.js,Web Development
Nuxt.js,Web Development
Node.js,Web Development
Express.js,Web Development
Django,Web Development
Flask,Web Development
FastAPI,Web Development
Laravel,Web Development
Spring Boot,Web Development
ASP.NET,Web Development
.NET,Web Development
Bootstrap,Web Development
Tailwind CSS,Web Development
jQuery,Web Development
REST API,Web Development
RESTful APIs,Web Development
GraphQL,Web Development
Web APIs,Web Development
JSON,Web Development
XML,Web Development
AJAX,Web Development
WebSockets,Web Development
Responsive Web Design,Web Development
Frontend Development,Web Development
Backend Development,Web Development
Full Stack Development,Web Development
Web Accessibility,Web Development
Progressive Web Apps,Web Development
Web Performance Optimization,Web Development
Cross-Origin Resource Sharing,Web Development
OAuth,Web Development
JWT,Web Development

Android Development,Mobile Development
iOS Development,Mobile Development
Android Studio,Mobile Development
Xcode,Mobile Development
Kotlin,Mobile Development
Java Android,Mobile Development
Swift,Mobile Development
SwiftUI,Mobile Development
Objective-C,Mobile Development
Flutter,Mobile Development
Dart,Mobile Development
React Native,Mobile Development
Ionic,Mobile Development
Xamarin,Mobile Development
.NET MAUI,Mobile Development
Jetpack Compose,Mobile Development
Android SDK,Mobile Development
iOS SDK,Mobile Development
Mobile UI Design,Mobile Development
Mobile App Development,Mobile Development
Cross-Platform Development,Mobile Development
Mobile Application Testing,Mobile Development
Firebase,Mobile Development
Push Notifications,Mobile Development
Mobile App Security,Mobile Development
App Store Deployment,Mobile Development
Google Play Store Deployment,Mobile Development
Mobile API Integration,Mobile Development

Cloud Computing,Cloud Computing
Amazon Web Services,Cloud Computing
AWS,Cloud Computing
Microsoft Azure,Cloud Computing
Google Cloud Platform,Cloud Computing
GCP,Cloud Computing
Oracle Cloud,Cloud Computing
IBM Cloud,Cloud Computing
AWS EC2,Cloud Computing
AWS S3,Cloud Computing
AWS Lambda,Cloud Computing
AWS RDS,Cloud Computing
AWS Redshift,Cloud Computing
AWS Glue,Cloud Computing
AWS EMR,Cloud Computing
AWS CloudFormation,Cloud Computing
Azure Virtual Machines,Cloud Computing
Azure Blob Storage,Cloud Computing
Azure Functions,Cloud Computing
Azure Data Factory,Cloud Computing
Azure Synapse Analytics,Cloud Computing
Azure DevOps,Cloud Computing
Google Compute Engine,Cloud Computing
Google Cloud Storage,Cloud Computing
BigQuery,Cloud Computing
Cloud Functions,Cloud Computing
Cloud Run,Cloud Computing
Cloud Architecture,Cloud Computing
Cloud Security,Cloud Computing
Cloud Migration,Cloud Computing
Cloud Infrastructure,Cloud Computing
Cloud Networking,Cloud Computing
Serverless Computing,Cloud Computing
Infrastructure as a Service,Cloud Computing
Platform as a Service,Cloud Computing
Software as a Service,Cloud Computing
Cloud Storage,Cloud Computing
Cloud Databases,Cloud Computing
Cloud Monitoring,Cloud Computing
Cloud Cost Management,Cloud Computing

DevOps,DevOps
Linux,DevOps
Unix,DevOps
Windows Server,DevOps
Docker,DevOps
Kubernetes,DevOps
Jenkins,DevOps
GitLab CI/CD,DevOps
GitHub Actions,DevOps
Azure DevOps,DevOps
CI/CD,DevOps
Continuous Integration,DevOps
Continuous Delivery,DevOps
Continuous Deployment,DevOps
Terraform,DevOps
Ansible,DevOps
Puppet,DevOps
Chef,DevOps
Vagrant,DevOps
Prometheus,DevOps
Grafana,DevOps
ELK Stack,DevOps
Logstash,DevOps
Kibana,DevOps
Nagios,DevOps
ArgoCD,DevOps
Helm,DevOps
Infrastructure as Code,DevOps
Configuration Management,DevOps
Containerization,DevOps
Container Orchestration,DevOps
Microservices,DevOps
Service Mesh,DevOps
Nginx,DevOps
Apache HTTP Server,DevOps
Apache Tomcat,DevOps
Reverse Proxy,DevOps
Load Balancing,DevOps
System Administration,DevOps
Infrastructure Management,DevOps
Site Reliability Engineering,DevOps
SRE,DevOps

Cybersecurity,Cybersecurity
Information Security,Cybersecurity
Network Security,Cybersecurity
Application Security,Cybersecurity
Cloud Security,Cybersecurity
Endpoint Security,Cybersecurity
Data Security,Cybersecurity
Identity and Access Management,Cybersecurity
IAM,Cybersecurity
Privileged Access Management,Cybersecurity
PAM,Cybersecurity
Access Control,Cybersecurity
Authentication,Cybersecurity
Authorization,Cybersecurity
Multi-Factor Authentication,Cybersecurity
MFA,Cybersecurity
Single Sign-On,Cybersecurity
SSO,Cybersecurity
Cryptography,Cybersecurity
Encryption,Cybersecurity
Public Key Infrastructure,Cybersecurity
PKI,Cybersecurity
Digital Forensics,Cybersecurity
Incident Response,Cybersecurity
Threat Intelligence,Cybersecurity
Threat Hunting,Cybersecurity
Vulnerability Assessment,Cybersecurity
Vulnerability Management,Cybersecurity
Penetration Testing,Cybersecurity
Ethical Hacking,Cybersecurity
Security Testing,Cybersecurity
Web Application Security,Cybersecurity
API Security,Cybersecurity
Mobile Security,Cybersecurity
Malware Analysis,Cybersecurity
Security Information and Event Management,Cybersecurity
SIEM,Cybersecurity
Security Operations Center,Cybersecurity
SOC,Cybersecurity
Intrusion Detection,Cybersecurity
Intrusion Prevention,Cybersecurity
IDS,Cybersecurity
IPS,Cybersecurity
Firewall Management,Cybersecurity
Network Monitoring,Cybersecurity
Digital Forensics,Cybersecurity
Risk Assessment,Cybersecurity
Security Risk Management,Cybersecurity
Governance Risk and Compliance,Cybersecurity
GRC,Cybersecurity
ISO 27001,Cybersecurity
SOC 2,Cybersecurity
NIST Cybersecurity Framework,Cybersecurity
Security Auditing,Cybersecurity
Privacy Management,Cybersecurity
Data Privacy,Cybersecurity
Security Awareness,Cybersecurity


Database Management,Databases
Relational Databases,Databases
SQL Databases,Databases
NoSQL Databases,Databases
MySQL,Databases
PostgreSQL,Databases
Oracle Database,Databases
Microsoft SQL Server,Databases
SQLite,Databases
MariaDB,Databases
MongoDB,Databases
Redis,Databases
Cassandra,Databases
DynamoDB,Databases
CouchDB,Databases
Neo4j,Databases
Firebase Firestore,Databases
Database Design,Databases
Database Administration,Databases
Database Development,Databases
Database Optimization,Databases
Query Optimization,Databases
Database Security,Databases
Database Migration,Databases
Data Modeling,Databases
Entity Relationship Modeling,Databases
ER Modeling,Databases
Normalization,Databases
Stored Procedures,Databases
Triggers,Databases
Views,Databases
Indexes,Databases
Data Warehousing,Data Engineering
Data Lakes,Data Engineering
Data Lakehouse,Data Engineering
ETL,Data Engineering
ELT,Data Engineering
Data Pipelines,Data Engineering
Data Integration,Data Engineering
Data Ingestion,Data Engineering
Batch Processing,Data Engineering
Real-Time Data Processing,Data Engineering
Stream Processing,Data Engineering
Apache Spark,Data Engineering
Apache Hadoop,Data Engineering
Apache Kafka,Data Engineering
Apache Airflow,Data Engineering
Apache Flink,Data Engineering
Apache Hive,Data Engineering
Apache NiFi,Data Engineering
Databricks,Data Engineering
Snowflake,Data Engineering
Amazon Redshift,Data Engineering
Google BigQuery,Data Engineering
Azure Synapse,Data Engineering
dbt,Data Engineering
Data Quality,Data Engineering
Data Governance,Data Engineering
Data Lineage,Data Engineering
Data Catalog,Data Engineering
Data Architecture,Data Engineering
Data Processing,Data Engineering
Data Transformation,Data Engineering
Data Orchestration,Data Engineering

UI Design,Design
UX Design,Design
UI/UX Design,Design
User Experience,Design
User Interface Design,Design
UX Research,Design
User Research,Design
User Testing,Design
Usability Testing,Design
Interaction Design,Design
Visual Design,Design
Design Thinking,Design
Wireframing,Design
Prototyping,Design
Information Architecture,Design
User Journey Mapping,Design
Customer Journey Mapping,Design
Design Systems,Design
Responsive Design,Design
Accessibility Design,Design
Figma,Design
Adobe XD,Design
Sketch,Design
InVision,Design
Framer,Design
Canva,Design
Adobe Photoshop,Design
Photoshop,Design
Adobe Illustrator,Design
Illustrator,Design
Adobe InDesign,Design
InDesign,Design
Adobe After Effects,Design
After Effects,Design
Adobe Premiere Pro,Design
Premiere Pro,Design
Blender,Design
3D Modeling,Design
3D Design,Design
Motion Graphics,Design
Graphic Design,Design
Brand Design,Design
Logo Design,Design
Typography,Design
Color Theory,Design
Illustration,Design
Digital Illustration,Design
Icon Design,Design
Visual Communication,Design
Creative Design,Design
Presentation Design,Design
Video Editing,Design
Photo Editing,Design
Animation,Design
2D Animation,Design
3D Animation,Design


Digital Marketing,Marketing
Digital Advertising,Marketing
Marketing Strategy,Marketing
Content Marketing,Marketing
Social Media Marketing,Marketing
Social Media Management,Marketing
Social Media Strategy,Marketing
Search Engine Optimization,Marketing
SEO,Marketing
Technical SEO,Marketing
Local SEO,Marketing
Search Engine Marketing,Marketing
SEM,Marketing
Pay Per Click Advertising,Marketing
PPC,Marketing
Google Ads,Marketing
Meta Ads,Marketing
Facebook Ads,Marketing
Instagram Marketing,Marketing
LinkedIn Marketing,Marketing
YouTube Marketing,Marketing
Influencer Marketing,Marketing
Affiliate Marketing,Marketing
Email Marketing,Marketing
SMS Marketing,Marketing
Content Strategy,Marketing
Content Creation,Marketing
Copywriting,Marketing
Advertising Copywriting,Marketing
Blog Writing,Marketing
Creative Writing,Marketing
Keyword Research,Marketing
Market Research,Marketing
Competitor Analysis,Marketing
Customer Segmentation,Marketing
Lead Generation,Marketing
Lead Nurturing,Marketing
Conversion Rate Optimization,Marketing
CRO,Marketing
Growth Marketing,Marketing
Performance Marketing,Marketing
Brand Marketing,Marketing
Brand Management,Marketing
Product Marketing,Marketing
Marketing Analytics,Marketing
Web Analytics,Marketing
Google Analytics,Marketing
Google Tag Manager,Marketing
Google Search Console,Marketing
HubSpot,Marketing
Mailchimp,Marketing
Salesforce Marketing Cloud,Marketing
CRM Marketing,Marketing
Marketing Automation,Marketing
Campaign Management,Marketing
Affiliate Marketing,Marketing
Community Management,Marketing
Social Media Analytics,Marketing
Social Media Advertising,Marketing
Online Reputation Management,Marketing
Public Relations,Marketing
Influencer Relations,Marketing


Financial Analysis,Finance
Financial Modeling,Finance
Financial Planning,Finance
Financial Forecasting,Finance
Financial Reporting,Finance
Financial Management,Finance
Investment Analysis,Finance
Investment Banking,Finance
Portfolio Management,Finance
Asset Management,Finance
Wealth Management,Finance
Risk Management,Finance
Credit Analysis,Finance
Credit Risk,Finance
Market Risk,Finance
Operational Risk,Finance
Enterprise Risk Management,Finance
Corporate Finance,Finance
Personal Finance,Finance
Treasury Management,Finance
Cash Flow Management,Finance
Budgeting,Finance
Cost Accounting,Finance
Management Accounting,Finance
Financial Accounting,Accounting
Tax Accounting,Accounting
Auditing,Accounting
Internal Auditing,Accounting
External Auditing,Accounting
Statutory Audit,Accounting
Forensic Accounting,Accounting
Bookkeeping,Accounting
Accounts Payable,Accounting
Accounts Receivable,Accounting
General Ledger,Accounting
Payroll Accounting,Accounting
GST,Taxation
GST Compliance,Taxation
Income Tax,Taxation
Tax Planning,Taxation
Tax Compliance,Taxation
Corporate Tax,Taxation
Direct Tax,Taxation
Indirect Tax,Taxation
Tally,Accounting
Tally ERP,Accounting
TallyPrime,Accounting
SAP Finance,Enterprise Finance
SAP FICO,Enterprise Finance
Oracle Financials,Enterprise Finance
QuickBooks,Accounting
Zoho Books,Accounting
Microsoft Excel,Accounting
Power BI,Finance
SQL,Finance
Bloomberg Terminal,Finance
Reuters Eikon,Finance
Capital Markets,Finance
Equity Research,Finance
Fixed Income,Finance
Derivatives,Finance
Foreign Exchange,Finance
Financial Markets,Finance
Banking Operations,Banking
Retail Banking,Banking
Corporate Banking,Banking
Investment Banking,Banking
Digital Banking,Banking
Loan Processing,Banking
Loan Underwriting,Banking
Credit Underwriting,Banking
KYC,Banking
Know Your Customer,Banking
AML,Banking
Anti Money Laundering,Banking
Fraud Detection,Banking
Fraud Prevention,Banking
Payment Processing,Banking
FinTech,Finance
Financial Technology,Finance

Sales,Sales
Sales Management,Sales
Sales Strategy,Sales
Business Development,Sales
Business Development Strategy,Sales
Lead Generation,Sales
Lead Qualification,Sales
Prospecting,Sales
Cold Calling,Sales
Cold Emailing,Sales
Inside Sales,Sales
Field Sales,Sales
B2B Sales,Sales
B2C Sales,Sales
Enterprise Sales,Sales
Consultative Selling,Sales
Solution Selling,Sales
Account Management,Sales
Key Account Management,Sales
Relationship Management,Sales
Customer Relationship Management,Sales
CRM,Sales
Salesforce,Sales
HubSpot CRM,Sales
Zoho CRM,Sales
Microsoft Dynamics CRM,Sales
Pipeline Management,Sales
Sales Forecasting,Sales
Sales Analytics,Sales
Sales Reporting,Sales
Revenue Management,Sales
Revenue Growth,Sales
Negotiation,Sales
Deal Closing,Sales
Upselling,Sales
Cross Selling,Sales
Customer Acquisition,Sales
Customer Retention,Sales
Customer Success,Customer Success
Customer Success Management,Customer Success
Customer Onboarding,Customer Success
Customer Experience,Customer Success
Customer Support,Customer Success
Client Relationship Management,Customer Success
Client Servicing,Customer Success
Technical Sales,Sales
Solution Consulting,Sales
Pre Sales,Sales
Sales Operations,Sales
Sales Enablement,Sales
Channel Sales,Sales
Partner Management,Sales
Vendor Management,Sales
Territory Management,Sales
Market Expansion,Sales
Go To Market Strategy,Sales
GTM Strategy,Sales
Product Demonstration,Sales
Presentation Skills,Sales
Communication,Sales
Public Speaking,Sales


Human Resource Management,Human Resources
Human Resources,Human Resources
HR Management,Human Resources
HR Operations,Human Resources
HR Administration,Human Resources
Talent Management,Human Resources
Talent Acquisition,Recruitment
Recruitment,Recruitment
Technical Recruitment,Recruitment
IT Recruitment,Recruitment
Campus Recruitment,Recruitment
Executive Recruitment,Recruitment
Recruitment Strategy,Recruitment
Candidate Sourcing,Recruitment
Candidate Screening,Recruitment
Interviewing,Recruitment
Technical Interviewing,Recruitment
Behavioral Interviewing,Recruitment
Interview Coordination,Recruitment
Employee Onboarding,Human Resources
Employee Offboarding,Human Resources
Employee Engagement,Human Resources
Employee Relations,Human Resources
Employee Experience,Human Resources
Performance Management,Human Resources
Performance Appraisal,Human Resources
Learning and Development,Human Resources
Training and Development,Human Resources
Training Needs Analysis,Human Resources
Career Development,Human Resources
Compensation and Benefits,Human Resources
Payroll Management,Human Resources
Payroll Processing,Human Resources
HR Analytics,Human Resources
People Analytics,Human Resources
Workforce Planning,Human Resources
Workforce Management,Human Resources
HR Reporting,Human Resources
HR Policies,Human Resources
HR Compliance,Human Resources
Labor Law,Human Resources
Employment Law,Human Resources
Employee Relations Management,Human Resources
Conflict Resolution,Human Resources
Organizational Development,Human Resources
Organizational Behavior,Human Resources
Change Management,Human Resources
HR Information Systems,Human Resources
HRIS,Human Resources
Workday,Human Resources
SAP SuccessFactors,Human Resources
Oracle HCM,Human Resources
Applicant Tracking Systems,Recruitment
ATS,Recruitment
LinkedIn Recruiter,Recruitment
Recruitment Marketing,Recruitment
Employer Branding,Recruitment
Job Description Writing,Recruitment
Resume Screening,Recruitment
Interview Assessment,Recruitment

Project Management,Project Management
Project Planning,Project Management
Project Scheduling,Project Management
Project Coordination,Project Management
Project Execution,Project Management
Project Monitoring,Project Management
Project Documentation,Project Management
Project Risk Management,Project Management
Project Cost Management,Project Management
Project Quality Management,Project Management
Stakeholder Management,Project Management
Stakeholder Communication,Project Management
Resource Management,Project Management
Resource Planning,Project Management
Scope Management,Project Management
Change Control,Project Management
Agile,Project Management
Scrum,Project Management
Kanban,Project Management
Lean Management,Project Management
Waterfall,Project Management
Agile Project Management,Project Management
Sprint Planning,Project Management
Sprint Management,Project Management
Product Backlog Management,Project Management
Backlog Management,Project Management
User Stories,Project Management
Product Management,Product Management
Product Strategy,Product Management
Product Development,Product Management
Product Roadmap,Product Management
Product Lifecycle Management,Product Management
Product Requirements,Product Management
Market Analysis,Business Analysis
Business Analysis,Business Analysis
Business Requirements Analysis,Business Analysis
Requirements Gathering,Business Analysis
Requirements Analysis,Business Analysis
Requirements Management,Business Analysis
Business Process Analysis,Business Analysis
Business Process Mapping,Business Analysis
Process Improvement,Business Analysis
Process Optimization,Business Analysis
Gap Analysis,Business Analysis
SWOT Analysis,Business Analysis
Root Cause Analysis,Business Analysis
Decision Analysis,Business Analysis
Business Intelligence,Business Analysis
Business Reporting,Business Analysis
Business Strategy,Business Analysis
Strategic Planning,Business Analysis
Strategic Thinking,Business Analysis
Competitive Analysis,Business Analysis
Market Research,Business Analysis
Data Driven Decision Making,Business Analysis
Management Consulting,Consulting
Business Consulting,Consulting
Technology Consulting,Consulting
Strategy Consulting,Consulting
Management Strategy,Consulting
Operations Consulting,Consulting
Process Consulting,Consulting
IT Consulting,Consulting
Digital Transformation,Consulting
Transformation Management,Consulting
Client Management,Consulting
Consulting Skills,Consulting
Problem Solving,Consulting
Critical Thinking,Consulting
Analytical Thinking,Consulting


Operations Management,Operations
Business Operations,Operations
Operations Strategy,Operations
Operations Planning,Operations
Operations Analysis,Operations
Process Management,Operations
Process Improvement,Operations
Process Optimization,Operations
Business Process Management,Operations
Business Process Improvement,Operations
Lean Management,Operations
Lean Six Sigma,Operations
Six Sigma,Operations
Quality Management,Operations
Quality Assurance,Operations
Quality Control,Operations
Continuous Improvement,Operations
Operational Excellence,Operations
Performance Management,Operations
Key Performance Indicators,Operations
KPI Management,Operations
Operations Analytics,Operations
Workforce Management,Operations
Resource Planning,Operations
Capacity Planning,Operations
Demand Planning,Supply Chain
Demand Forecasting,Supply Chain
Supply Chain Management,Supply Chain
Supply Chain Planning,Supply Chain
Supply Chain Analytics,Supply Chain
Supply Chain Optimization,Supply Chain
Supply Chain Strategy,Supply Chain
Procurement,Supply Chain
Strategic Procurement,Supply Chain
Procurement Management,Supply Chain
Purchasing,Supply Chain
Vendor Management,Supply Chain
Supplier Management,Supply Chain
Supplier Relationship Management,Supply Chain
Inventory Management,Supply Chain
Inventory Control,Supply Chain
Inventory Planning,Supply Chain
Warehouse Management,Supply Chain
Warehouse Operations,Supply Chain
Warehouse Optimization,Supply Chain
Logistics Management,Logistics
Logistics Planning,Logistics
Transportation Management,Logistics
Transportation Planning,Logistics
Route Optimization,Logistics
Fleet Management,Logistics
Distribution Management,Logistics
Order Management,Logistics
Order Fulfillment,Logistics
Last Mile Delivery,Logistics
Freight Management,Logistics
Shipping Management,Logistics
Import Export Management,Logistics
International Logistics,Logistics
Reverse Logistics,Logistics
Supply Chain Risk Management,Supply Chain
Supply Chain Visibility,Supply Chain
Supply Chain Technology,Supply Chain
Enterprise Resource Planning,Operations
ERP,Operations
SAP ERP,Operations
SAP MM,Supply Chain
SAP PP,Manufacturing
SAP SD,Sales
Oracle ERP,Operations
Microsoft Dynamics 365,Operations
Sales and Operations Planning,Supply Chain
S&OP,Supply Chain
Material Requirements Planning,Manufacturing
MRP,Manufacturing

Mechanical Engineering,Engineering
Mechanical Design,Engineering
Mechanical CAD,Engineering
Computer Aided Design,Engineering
CAD,Engineering
AutoCAD,Engineering
SolidWorks,Engineering
CATIA,Engineering
Creo,Engineering
Siemens NX,Engineering
ANSYS,Engineering
Finite Element Analysis,Engineering
FEA,Engineering
Computational Fluid Dynamics,Engineering
CFD,Engineering
Thermodynamics,Engineering
Fluid Mechanics,Engineering
Machine Design,Engineering
Manufacturing Engineering,Engineering
Production Engineering,Engineering
Industrial Engineering,Engineering
Electrical Engineering,Engineering
Electrical Design,Engineering
Circuit Design,Engineering
Electrical Testing,Engineering
Power Systems,Engineering
Power Electronics,Engineering
Control Systems,Engineering
PLC Programming,Engineering
Programmable Logic Controllers,Engineering
SCADA,Engineering
Industrial Automation,Engineering
Instrumentation,Engineering
Embedded Systems,Engineering
Microcontrollers,Engineering
Arduino,Engineering
Raspberry Pi,Engineering
MATLAB,Engineering
Simulink,Engineering
Electronics Engineering,Engineering
PCB Design,Engineering
Altium Designer,Engineering
KiCad,Engineering
VLSI,Engineering
Verilog,Engineering
VHDL,Engineering
FPGA,Engineering
Embedded C,Engineering
IoT,Engineering
Internet of Things,Engineering
Civil Engineering,Engineering
Structural Engineering,Engineering
Structural Analysis,Engineering
Construction Management,Engineering
Site Management,Engineering
Quantity Surveying,Engineering
Building Information Modeling,Engineering
BIM,Engineering
Revit,Engineering
STAAD.Pro,Engineering
ETABS,Engineering
Primavera P6,Engineering
Project Estimation,Engineering
Surveying,Engineering
Geotechnical Engineering,Engineering
Environmental Engineering,Engineering
Chemical Engineering,Engineering
Process Engineering,Engineering
Process Design,Engineering
Process Simulation,Engineering
AutoCAD Plant 3D,Engineering
Aspen HYSYS,Engineering
Aspen Plus,Engineering
Manufacturing,Manufacturing
Production Management,Manufacturing
Production Planning,Manufacturing
Production Control,Manufacturing
Manufacturing Planning,Manufacturing
Manufacturing Operations,Manufacturing
Quality Control,Manufacturing
Quality Inspection,Manufacturing
Quality Management Systems,Manufacturing
Total Quality Management,Manufacturing
TQM,Manufacturing
Six Sigma,Manufacturing
Lean Manufacturing,Manufacturing
Lean Production,Manufacturing
Kaizen,Manufacturing
5S,Manufacturing
Root Cause Analysis,Manufacturing
Failure Mode and Effects Analysis,Manufacturing
FMEA,Manufacturing
Statistical Process Control,Manufacturing
SPC,Manufacturing
Computer Integrated Manufacturing,Manufacturing
CNC Programming,Manufacturing
CNC Machining,Manufacturing
Computer Numerical Control,Manufacturing
Robotics,Manufacturing
Industrial Robotics,Manufacturing
Robot Programming,Manufacturing
Additive Manufacturing,Manufacturing
3D Printing,Manufacturing
Digital Manufacturing,Manufacturing
Predictive Maintenance,Manufacturing
Preventive Maintenance,Manufacturing
Maintenance Management,Manufacturing
Total Productive Maintenance,Manufacturing
TPM,Manufacturing

Healthcare Management,Healthcare
Healthcare Administration,Healthcare
Hospital Administration,Healthcare
Healthcare Operations,Healthcare
Healthcare Analytics,Healthcare
Healthcare Data Analysis,Healthcare
Clinical Data Analysis,Healthcare
Clinical Research,Healthcare
Clinical Trials,Healthcare
Clinical Trial Management,Healthcare
Medical Research,Healthcare
Medical Writing,Healthcare
Medical Coding,Healthcare
Medical Billing,Healthcare
Medical Transcription,Healthcare
Electronic Health Records,Healthcare
EHR,Healthcare
Electronic Medical Records,Healthcare
EMR,Healthcare
Health Information Management,Healthcare
Health Informatics,Healthcare
Medical Informatics,Healthcare
Public Health,Healthcare
Epidemiology,Healthcare
Biostatistics,Healthcare
Bioinformatics,Life Sciences
Computational Biology,Life Sciences
Genomics,Life Sciences
Proteomics,Life Sciences
Molecular Biology,Life Sciences
Cell Biology,Life Sciences
Microbiology,Life Sciences
Biotechnology,Life Sciences
Biomedical Engineering,Engineering
Medical Device Development,Healthcare
Medical Device Design,Healthcare
Medical Device Testing,Healthcare
Medical Imaging,Healthcare
Medical Image Analysis,Healthcare
Radiology,Healthcare
Digital Health,Healthcare
Health Technology,Healthcare
HealthTech,Healthcare
Telemedicine,Healthcare
Telehealth,Healthcare
Health Insurance,Healthcare
Healthcare Consulting,Healthcare
Healthcare Quality Management,Healthcare
Patient Safety,Healthcare
Healthcare Compliance,Healthcare
Healthcare Regulatory Affairs,Healthcare
Pharmacovigilance,Healthcare
Drug Safety,Healthcare
Clinical Data Management,Healthcare
Clinical Data Science,Healthcare
Medical Data Management,Healthcare
Laboratory Management,Healthcare
Laboratory Information Systems,Healthcare
LIMS,Healthcare
Medical Laboratory Technology,Healthcare
Medical Device Regulation,Healthcare
FDA Regulations,Healthcare
Clinical Research Management,Healthcare
Good Clinical Practice,Healthcare
GCP,Healthcare
Good Laboratory Practice,Healthcare
GLP,Healthcare
Good Manufacturing Practice,Healthcare
GMP,Healthcare
Pharmaceutical Manufacturing,Life Sciences
Pharmaceutical Research,Life Sciences
Drug Discovery,Life Sciences
Drug Development,Life Sciences
Pharmaceutical Analysis,Life Sciences
Pharmacology,Life Sciences
Toxicology,Life Sciences
Regulatory Affairs,Life Sciences
Medical Affairs,Life Sciences

Teaching,Education
Teaching Skills,Education
Classroom Management,Education
Lesson Planning,Education
Curriculum Development,Education
Curriculum Design,Education
Instructional Design,Education
Educational Technology,Education
EdTech,Education
E Learning,Education
Online Teaching,Education
Virtual Teaching,Education
Distance Learning,Education
Blended Learning,Education
Learning Management Systems,Education
LMS,Education
Moodle,Education
Canvas LMS,Education
Blackboard LMS,Education
Google Classroom,Education
Assessment Design,Education
Student Assessment,Education
Educational Assessment,Education
Academic Assessment,Education
Examination Management,Education
Student Counseling,Education
Academic Counseling,Education
Career Counseling,Education
Career Guidance,Education
Student Engagement,Education
Student Mentoring,Education
Mentoring,Education
Academic Research,Education
Educational Research,Education
Research Methodology,Education
Instructional Technology,Education
Learning Analytics,Education
Educational Data Analysis,Education
Training and Development,Training
Corporate Training,Training
Technical Training,Training
Soft Skills Training,Training
Employee Training,Training
Training Needs Analysis,Training
Training Program Development,Training
Training Delivery,Training
Workshop Facilitation,Training
Facilitation Skills,Training
Coaching,Training
Professional Development,Training
Learning and Development,Training
Content Development,Education
Educational Content Creation,Education
E Learning Content Development,Education
Course Development,Education
Course Design,Education
Online Course Creation,Education
Educational Video Creation,Education
Presentation Skills,Education
Public Speaking,Education
Subject Matter Expertise,Education
Academic Writing,Education
Research Writing,Education
Technical Writing,Education
Instructional Writing,Education

Legal Research,Legal
Legal Writing,Legal
Legal Analysis,Legal
Contract Law,Legal
Corporate Law,Legal
Commercial Law,Legal
Business Law,Legal
Employment Law,Legal
Labor Law,Legal
Intellectual Property Law,Legal
Patent Law,Legal
Trademark Law,Legal
Copyright Law,Legal
Technology Law,Legal
Cyber Law,Legal
Data Protection Law,Legal
Privacy Law,Legal
Consumer Protection Law,Legal
Competition Law,Legal
Tax Law,Legal
Banking Law,Legal
Securities Law,Legal
Environmental Law,Legal
Real Estate Law,Legal
Property Law,Legal
Civil Law,Legal
Criminal Law,Legal
Constitutional Law,Legal
International Law,Legal
Litigation,Legal
Legal Compliance,Legal
Legal Documentation,Legal
Contract Drafting,Legal
Contract Review,Legal
Contract Management,Legal
Legal Due Diligence,Legal
Due Diligence,Legal
Legal Operations,Legal
Legal Technology,Legal
Legal Tech,Legal
eDiscovery,Legal
Legal Project Management,Legal
Regulatory Compliance,Compliance
Compliance Management,Compliance
Corporate Compliance,Compliance
Financial Compliance,Compliance
Regulatory Affairs,Compliance
Risk Management,Risk Management
Risk Assessment,Risk Management
Risk Analysis,Risk Management
Risk Mitigation,Risk Management
Enterprise Risk Management,Risk Management
Operational Risk,Risk Management
Financial Risk,Risk Management
Credit Risk,Risk Management
Market Risk,Risk Management
Cyber Risk,Risk Management
Third Party Risk Management,Risk Management
Business Continuity Management,Risk Management
Business Continuity Planning,Risk Management
Disaster Recovery Planning,Risk Management
Internal Controls,Risk Management
Internal Audit,Compliance
Compliance Audit,Compliance
Regulatory Reporting,Compliance
Anti Money Laundering,Compliance
AML,Compliance
Know Your Customer,Compliance
KYC,Compliance
Fraud Risk Management,Compliance
Ethics and Compliance,Compliance
Governance Risk and Compliance,Compliance
GRC,Compliance
ISO 27001,Compliance
ISO 9001,Compliance
GDPR,Compliance
Data Privacy Compliance,Compliance

Content Writing,Media
Content Creation,Media
Content Strategy,Media
Content Management,Media
Content Editing,Media
Copy Editing,Media
Proofreading,Media
Technical Writing,Media
Creative Writing,Media
Blog Writing,Media
Article Writing,Media
Script Writing,Media
Screenwriting,Media
Storytelling,Media
Journalism,Media
News Writing,Media
News Reporting,Media
Investigative Journalism,Media
Digital Journalism,Media
Broadcast Journalism,Media
Editorial Writing,Media
Editing,Media
Video Editing,Media
Audio Editing,Media
Video Production,Media
Video Production Management,Media
Film Production,Media
Film Editing,Media
Photography,Media
Photojournalism,Media
Videography,Media
Podcast Production,Media
Podcast Editing,Media
Audio Production,Media
Sound Design,Media
Voice Over,Media
Voice Acting,Media
Broadcasting,Media
Public Relations,Communication
Corporate Communications,Communication
Internal Communications,Communication
External Communications,Communication
Media Relations,Communication
Crisis Communication,Communication
Corporate Communication,Communication
Strategic Communication,Communication
Communication Strategy,Communication
Press Release Writing,Communication
Press Relations,Communication
Media Planning,Media
Media Buying,Media
Advertising,Media
Brand Communication,Communication
Visual Storytelling,Media
Social Media Content,Media
Content Marketing,Media
Community Management,Communication
Presentation Skills,Communication
Public Speaking,Communication
Interpersonal Communication,Communication
Business Communication,Communication
Written Communication,Communication
Verbal Communication,Communication


Retail Management,Retail
Retail Operations,Retail
Retail Sales,Retail
Retail Strategy,Retail
Store Management,Retail
Store Operations,Retail
Visual Merchandising,Retail
Merchandising,Retail
Category Management,Retail
Product Merchandising,Retail
Retail Analytics,Retail
Retail Marketing,Retail
Customer Service,Retail
Customer Experience,Retail
Customer Relationship Management,Retail
Point of Sale Systems,Retail
POS Systems,Retail
Inventory Management,Retail
Stock Management,Retail
Stock Control,Retail
Demand Forecasting,Retail
Retail Planning,Retail
Store Planning,Retail
Retail Supply Chain,Retail
Omnichannel Retail,Retail
E Commerce,E-commerce
E Commerce Management,E-commerce
E Commerce Operations,E-commerce
E Commerce Marketing,E-commerce
E Commerce Analytics,E-commerce
Online Store Management,E-commerce
Marketplace Management,E-commerce
Amazon Seller Central,E-commerce
Flipkart Seller Hub,E-commerce
Shopify,E-commerce
WooCommerce,E-commerce
Magento,E-commerce
BigCommerce,E-commerce
Product Listing,E-commerce
Product Catalog Management,E-commerce
Product Information Management,E-commerce
Product Information Management Systems,E-commerce
PIM,E-commerce
Order Management,E-commerce
Order Fulfillment,E-commerce
Payment Gateway Integration,E-commerce
Online Payments,E-commerce
Digital Commerce,E-commerce
Marketplace Optimization,E-commerce
Conversion Rate Optimization,E-commerce
Customer Acquisition,E-commerce
Customer Retention,E-commerce
Cart Abandonment Optimization,E-commerce
E Commerce SEO,E-commerce
E Commerce Advertising,E-commerce
Amazon Advertising,E-commerce
Marketplace Advertising,E-commerce
E Commerce Analytics,E-commerce
Google Merchant Center,E-commerce
Shopify Analytics,E-commerce
Shopify Development,E-commerce
E Commerce Website Development,E-commerce
Online Merchandising,E-commerce


Hospitality Management,Hospitality
Hotel Management,Hospitality
Hotel Operations,Hospitality
Front Office Management,Hospitality
Front Desk Operations,Hospitality
Guest Relations,Hospitality
Guest Service,Hospitality
Guest Experience,Hospitality
Housekeeping Management,Hospitality
Food and Beverage Management,Hospitality
Restaurant Management,Hospitality
Restaurant Operations,Hospitality
Food Service Management,Hospitality
Catering Management,Hospitality
Event Management,Hospitality
Event Planning,Hospitality
Banquet Management,Hospitality
Hospitality Sales,Hospitality
Hospitality Marketing,Hospitality
Revenue Management,Hospitality
Hotel Revenue Management,Hospitality
Yield Management,Hospitality
Hotel Reservations,Hospitality
Reservation Management,Hospitality
Property Management Systems,Hospitality
PMS,Hospitality
Opera PMS,Hospitality
Hotel Accounting,Hospitality
Hospitality Analytics,Hospitality
Hotel Analytics,Hospitality
Travel Management,Travel
Travel Planning,Travel
Travel Consulting,Travel
Travel Coordination,Travel
Travel Operations,Travel
Travel Sales,Travel
Travel Marketing,Travel
Tourism Management,Tourism
Tourism Planning,Tourism
Tourism Marketing,Tourism
Tour Operations,Tourism
Tour Management,Tourism
Tour Guide Services,Tourism
Destination Management,Tourism
Destination Marketing,Tourism
Travel Agency Operations,Travel
Ticketing,Travel
Airline Ticketing,Travel
Travel Booking Systems,Travel
Global Distribution Systems,Travel
GDS,Travel
Amadeus,Travel
Sabre,Travel
Galileo,Travel
Travel Customer Service,Travel
Visa Processing,Travel
Immigration Services,Travel
Corporate Travel Management,Travel
Business Travel Management,Travel
Cruise Management,Tourism
Tourism Analytics,Tourism
Sustainable Tourism,Tourism

Architecture,Architecture
Architectural Design,Architecture
Architectural Planning,Architecture
Architectural Drawing,Architecture
Architectural Visualization,Architecture
Building Design,Architecture
Interior Design,Architecture
Interior Architecture,Architecture
Landscape Architecture,Architecture
Urban Planning,Architecture
Urban Design,Architecture
City Planning,Architecture
Space Planning,Architecture
3D Architectural Visualization,Architecture
Architectural Rendering,Architecture
Building Information Modeling,Architecture
BIM,Architecture
Revit,Architecture
AutoCAD,Architecture
SketchUp,Architecture
Lumion,Architecture
Enscape,Architecture
V-Ray,Architecture
3ds Max,Architecture
Rhino,Architecture
Grasshopper,Architecture
Adobe Photoshop,Architecture
Adobe Illustrator,Architecture
Construction Management,Construction
Construction Planning,Construction
Construction Project Management,Construction
Construction Estimation,Construction
Construction Cost Estimation,Construction
Quantity Surveying,Construction
Quantity Takeoff,Construction
Site Management,Construction
Site Supervision,Construction
Construction Scheduling,Construction
Construction Safety,Construction
Construction Quality Control,Construction
Construction Procurement,Construction
Contract Management,Construction
Building Codes,Construction
Construction Documentation,Construction
Structural Design,Construction
Structural Analysis,Construction
Civil Engineering,Construction
Structural Engineering,Construction
Geotechnical Engineering,Construction
Surveying,Construction
Land Surveying,Construction
Quantity Surveying,Construction
AutoCAD Civil 3D,Construction
Civil 3D,Construction
STAAD.Pro,Construction
ETABS,Construction
SAP2000,Construction
Primavera P6,Construction
Microsoft Project,Construction
Project Estimation,Construction
Cost Management,Construction
Cost Control,Construction
Facilities Management,Construction
Facility Management,Construction
Building Maintenance,Construction
Building Services,Construction
HVAC,Construction
Plumbing Design,Construction
Electrical Building Services,Construction
Fire Safety,Construction
Fire Protection Systems,Construction
Sustainable Building Design,Architecture
Green Building,Architecture
LEED,Architecture

Agriculture,Agriculture
Agricultural Management,Agriculture
Agricultural Operations,Agriculture
Agricultural Science,Agriculture
Agronomy,Agriculture
Horticulture,Agriculture
Soil Science,Agriculture
Crop Science,Agriculture
Crop Management,Agriculture
Crop Production,Agriculture
Crop Planning,Agriculture
Crop Monitoring,Agriculture
Crop Yield Analysis,Agriculture
Agricultural Economics,Agriculture
Agricultural Marketing,Agriculture
Agricultural Supply Chain,Agriculture
Agricultural Finance,Agriculture
Farm Management,Agriculture
Farm Operations,Agriculture
Precision Agriculture,AgriTech
Smart Farming,AgriTech
Digital Agriculture,AgriTech
Agricultural Technology,AgriTech
AgriTech,AgriTech
Agricultural Data Analysis,AgriTech
Agricultural Analytics,AgriTech
Agricultural IoT,AgriTech
IoT in Agriculture,AgriTech
Drone Technology,Agriculture
Agricultural Drones,Agriculture
Remote Sensing,Agriculture
Satellite Imaging,Agriculture
GIS,Agriculture
Geographic Information Systems,Agriculture
Agricultural Mapping,Agriculture
Weather Data Analysis,Agriculture
Climate Smart Agriculture,Agriculture
Sustainable Agriculture,Agriculture
Organic Farming,Agriculture
Organic Agriculture,Agriculture
Hydroponics,Agriculture
Aquaponics,Agriculture
Vertical Farming,Agriculture
Greenhouse Management,Agriculture
Irrigation Management,Agriculture
Smart Irrigation,AgriTech
Water Management,Agriculture
Pest Management,Agriculture
Integrated Pest Management,Agriculture
Plant Disease Detection,AgriTech
Crop Disease Detection,AgriTech
Computer Vision in Agriculture,AgriTech
Machine Learning in Agriculture,AgriTech
Agricultural Robotics,AgriTech
Farm Automation,AgriTech
Agricultural Sensors,AgriTech
Soil Monitoring,AgriTech
Livestock Management,Agriculture
Dairy Farming,Agriculture
Animal Husbandry,Agriculture
Veterinary Science,Agriculture
Fisheries Management,Agriculture
Aquaculture,Agriculture
Food Technology,Food Technology
Food Processing,Food Technology
Food Safety,Food Technology
Food Quality Management,Food Technology
Food Quality Control,Food Technology
Agricultural Biotechnology,AgriTech
Plant Biotechnology,AgriTech
Seed Technology,Agriculture
Post Harvest Management,Agriculture
Cold Chain Management,Agriculture
Agricultural Logistics,Agriculture

Scientific Research,Research
Research Methodology,Research
Research Design,Research
Experimental Design,Research
Quantitative Research,Research
Qualitative Research,Research
Data Collection,Research
Data Interpretation,Research
Scientific Writing,Research
Research Writing,Research
Literature Review,Research
Systematic Review,Research
Research Analysis,Research
Statistical Research,Research
Scientific Communication,Research
Academic Research,Research
Scientific Computing,Science
Computational Science,Science
Applied Mathematics,Science
Mathematical Modeling,Science
Numerical Analysis,Science
Statistics,Science
Probability,Science
Biostatistics,Science
Physics,Science
Applied Physics,Science
Chemistry,Science
Analytical Chemistry,Science
Organic Chemistry,Science
Inorganic Chemistry,Science
Physical Chemistry,Science
Biochemistry,Science
Biology,Science
Microbiology,Science
Molecular Biology,Science
Cell Biology,Science
Genetics,Science
Genomics,Science
Proteomics,Science
Immunology,Science
Neuroscience,Science
Environmental Science,Science
Environmental Research,Science
Climate Science,Science
Geology,Science
Geophysics,Science
Astronomy,Science
Astrophysics,Science
Materials Science,Science
Nanotechnology,Science
Nanomaterials,Science
Laboratory Techniques,Laboratory
Laboratory Management,Laboratory
Laboratory Safety,Laboratory
Laboratory Testing,Laboratory
Laboratory Analysis,Laboratory
Sample Preparation,Laboratory
Scientific Instrumentation,Laboratory
Analytical Instrumentation,Laboratory
Spectroscopy,Laboratory
Chromatography,Laboratory
Mass Spectrometry,Laboratory
Microscopy,Laboratory
Electron Microscopy,Laboratory
PCR,Laboratory
Polymerase Chain Reaction,Laboratory
DNA Sequencing,Laboratory
Next Generation Sequencing,Laboratory
NGS,Laboratory
ELISA,Laboratory
Western Blot,Laboratory
Cell Culture,Laboratory
Tissue Culture,Laboratory
Bioinformatics,Bioinformatics
Computational Biology,Bioinformatics
Biological Data Analysis,Bioinformatics
Genomic Data Analysis,Bioinformatics
Sequence Analysis,Bioinformatics
Protein Analysis,Bioinformatics
BLAST,Bioinformatics
R Programming for Bioinformatics,Bioinformatics

Transportation Management,Transportation
Transportation Planning,Transportation
Transport Operations,Transportation
Public Transportation,Transportation
Urban Transportation Planning,Transportation
Traffic Management,Transportation
Traffic Engineering,Transportation
Traffic Analysis,Transportation
Intelligent Transportation Systems,Transportation
ITS,Transportation
Mobility Management,Transportation
Mobility Planning,Transportation
Fleet Management,Transportation
Fleet Operations,Transportation
Fleet Optimization,Transportation
Route Planning,Transportation
Route Optimization,Transportation
GPS Technology,Transportation
GPS Tracking,Transportation
Telematics,Transportation
Vehicle Telematics,Transportation
Transportation Analytics,Transportation
Transport Data Analysis,Transportation
Logistics Technology,Transportation
Transportation Technology,Transportation
Electric Vehicles,Automotive
EV Technology,Automotive
Electric Vehicle Technology,Automotive
EV Charging Infrastructure,Automotive
Battery Technology,Automotive
Battery Management Systems,Automotive
BMS,Automotive
Automotive Engineering,Automotive
Automotive Design,Automotive
Automotive Manufacturing,Automotive
Automotive Electronics,Automotive
Vehicle Diagnostics,Automotive
Advanced Driver Assistance Systems,Automotive
ADAS,Automotive
Autonomous Vehicles,Automotive
Self Driving Technology,Automotive
Vehicle Testing,Automotive
Automotive Software,Automotive
Automotive Embedded Systems,Automotive
Connected Vehicles,Automotive
Aviation Management,Aviation
Airport Management,Aviation
Airport Operations,Aviation
Airline Operations,Aviation
Airline Management,Aviation
Flight Operations,Aviation
Flight Planning,Aviation
Air Traffic Management,Aviation
Air Traffic Control,Aviation
Aviation Safety,Aviation
Aviation Security,Aviation
Aircraft Maintenance,Aviation
Aircraft Engineering,Aviation
Aircraft Design,Aviation
Avionics,Aviation
Aerospace Engineering,Aerospace
Aerospace Design,Aerospace
Aerospace Manufacturing,Aerospace
Aerodynamics,Aerospace
Flight Dynamics,Aerospace
Propulsion Systems,Aerospace
Aircraft Systems,Aerospace
Space Technology,Aerospace
Satellite Technology,Aerospace
Drone Technology,Aerospace
Unmanned Aerial Vehicles,Aerospace
UAV Technology,Aerospace
Drone Operations,Aerospace
Maritime Transportation,Maritime
Shipping Operations,Maritime
Port Operations,Maritime
Marine Engineering,Maritime
Ship Management,Maritime
Cargo Management,Transportation
Freight Management,Transportation
Passenger Transportation,Transportation
Transportation Safety,Transportation
Transportation Regulations,Transportation

Real Estate,Real Estate
Real Estate Management,Real Estate
Real Estate Operations,Real Estate
Property Management,Real Estate
Property Administration,Real Estate
Property Operations,Real Estate
Facility Management,Real Estate
Facilities Management,Real Estate
Commercial Real Estate,Real Estate
Residential Real Estate,Real Estate
Industrial Real Estate,Real Estate
Real Estate Development,Real Estate
Property Development,Real Estate
Real Estate Investment,Real Estate
Real Estate Investment Analysis,Real Estate
Real Estate Finance,Real Estate
Real Estate Valuation,Real Estate
Property Valuation,Real Estate
Real Estate Appraisal,Real Estate
Property Appraisal,Real Estate
Real Estate Market Analysis,Real Estate
Real Estate Market Research,Real Estate
Real Estate Analytics,Real Estate
Property Analytics,Real Estate
Real Estate Sales,Real Estate
Property Sales,Real Estate
Real Estate Marketing,Real Estate
Property Marketing,Real Estate
Real Estate Brokerage,Real Estate
Real Estate Negotiation,Real Estate
Real Estate Leasing,Real Estate
Lease Management,Real Estate
Lease Administration,Real Estate
Tenant Management,Real Estate
Tenant Relations,Real Estate
Property Maintenance,Real Estate
Building Maintenance,Real Estate
Facility Operations,Real Estate
Facility Planning,Real Estate
Property Inspection,Real Estate
Building Inspection,Real Estate
Real Estate Documentation,Real Estate
Property Documentation,Real Estate
Real Estate Contracts,Real Estate
Lease Agreements,Real Estate
Real Estate Due Diligence,Real Estate
Property Due Diligence,Real Estate
Real Estate Compliance,Real Estate
Real Estate Regulations,Real Estate
Land Acquisition,Real Estate
Land Management,Real Estate
Land Development,Real Estate
Real Estate Project Management,Real Estate
Construction Project Management,Real Estate
Real Estate CRM,Real Estate
Property Management Software,Real Estate
Yardi,Real Estate
MRI Software,Real Estate
CoStar,Real Estate
Zillow,Real Estate
Real Estate Investment Trusts,Real Estate
REIT,Real Estate
Real Estate Portfolio Management,Real Estate
Property Portfolio Management,Real Estate

Renewable Energy,Energy
Renewable Energy Management,Energy
Solar Energy,Energy
Solar Power,Energy
Solar PV,Energy
Photovoltaic Systems,Energy
Solar Energy Design,Energy
Solar Project Management,Energy
Solar Installation,Energy
Solar Energy Analysis,Energy
Wind Energy,Energy
Wind Power,Energy
Wind Energy Systems,Energy
Wind Farm Management,Energy
Hydropower,Energy
Hydroelectric Power,Energy
Hydropower Engineering,Energy
Geothermal Energy,Energy
Geothermal Systems,Energy
Bioenergy,Energy
Biomass Energy,Energy
Biogas,Energy
Waste to Energy,Energy
Energy Storage,Energy
Battery Energy Storage Systems,Energy
BESS,Energy
Energy Management,Energy
Energy Efficiency,Energy
Energy Auditing,Energy
Energy Modeling,Energy
Energy Analytics,Energy
Energy Forecasting,Energy
Power Systems,Energy
Power Grid Management,Energy
Smart Grid,Energy
Grid Integration,Energy
Electricity Markets,Energy
Energy Trading,Energy
Energy Policy,Energy
Energy Economics,Energy
Environmental Science,Environment
Environmental Management,Environment
Environmental Engineering,Environment
Environmental Monitoring,Environment
Environmental Impact Assessment,Environment
EIA,Environment
Environmental Compliance,Environment
Environmental Auditing,Environment
Environmental Risk Assessment,Environment
Environmental Sustainability,Environment
Climate Change,Environment
Climate Risk,Environment
Climate Risk Assessment,Environment
Climate Modeling,Environment
Carbon Accounting,Environment
Carbon Management,Environment
Carbon Footprint Analysis,Environment
Carbon Emissions Management,Environment
Greenhouse Gas Accounting,Environment
GHG Accounting,Environment
Net Zero Strategy,Sustainability
Net Zero Management,Sustainability
Sustainability,Sustainability
Sustainability Management,Sustainability
Sustainability Reporting,Sustainability
ESG, Sustainability
ESG Reporting,Sustainability
ESG Analysis,Sustainability
ESG Strategy,Sustainability
Corporate Sustainability,Sustainability
Sustainable Development,Sustainability
Circular Economy,Sustainability
Waste Management,Environment
Waste Reduction,Environment
Recycling Management,Environment
Water Management,Environment
Water Conservation,Environment
Air Quality Management,Environment
Environmental Health and Safety,Environment
EHS,Environment
Occupational Health and Safety,Safety
Health Safety and Environment,Safety
HSE,Safety
ISO 14001,Environment
ISO 50001,Energy
LEED,Sustainability
Green Building,Sustainability
Sustainable Design,Sustainability
Life Cycle Assessment,Sustainability
LCA,Sustainability
Environmental Data Analysis,Environment
GIS,Environment
Remote Sensing,Environment

Communication Skills,Soft Skills
Verbal Communication,Soft Skills
Written Communication,Soft Skills
Business Communication,Soft Skills
Interpersonal Skills,Soft Skills
Active Listening,Soft Skills
Presentation Skills,Soft Skills
Public Speaking,Soft Skills
Negotiation,Soft Skills
Persuasion,Soft Skills
Leadership,Soft Skills
Team Leadership,Soft Skills
People Management,Soft Skills
Teamwork,Soft Skills
Collaboration,Soft Skills
Cross Functional Collaboration,Soft Skills
Problem Solving,Soft Skills
Critical Thinking,Soft Skills
Analytical Thinking,Soft Skills
Logical Thinking,Soft Skills
Creative Thinking,Soft Skills
Decision Making,Soft Skills
Strategic Thinking,Soft Skills
Time Management,Soft Skills
Task Management,Soft Skills
Prioritization,Soft Skills
Organization Skills,Soft Skills
Adaptability,Soft Skills
Flexibility,Soft Skills
Emotional Intelligence,Soft Skills
Conflict Resolution,Soft Skills
Conflict Management,Soft Skills
Relationship Building,Soft Skills
Networking,Soft Skills
Team Building,Soft Skills
Mentoring,Soft Skills
Coaching,Soft Skills
Stakeholder Management,Professional Skills
Client Management,Professional Skills
Customer Relationship Management,Professional Skills
Professional Communication,Professional Skills
Business Acumen,Professional Skills
Commercial Awareness,Professional Skills
Industry Knowledge,Professional Skills
Research Skills,Professional Skills
Documentation,Professional Skills
Report Writing,Professional Skills
Technical Documentation,Professional Skills
Technical Writing,Professional Skills
Business Writing,Professional Skills
Email Communication,Professional Skills
Meeting Management,Professional Skills
Meeting Facilitation,Professional Skills
Workshop Facilitation,Professional Skills
Event Planning,Professional Skills
Project Coordination,Professional Skills
Project Planning,Professional Skills
Risk Management,Professional Skills
Quality Management,Professional Skills
Process Improvement,Professional Skills
Process Management,Professional Skills
Change Management,Professional Skills
Performance Management,Professional Skills
Training Skills,Professional Skills
Coaching and Mentoring,Professional Skills
Decision Analysis,Professional Skills
Data Driven Decision Making,Professional Skills
Attention to Detail,Soft Skills
Work Ethic,Soft Skills
Accountability,Soft Skills
Ownership,Soft Skills
Professionalism,Soft Skills
Self Management,Soft Skills
Self Motivation,Soft Skills
Goal Setting,Soft Skills
Continuous Learning,Soft Skills
Learning Agility,Soft Skills
Cultural Awareness,Soft Skills
Multitasking,Soft Skills
Stress Management,Soft Skills
Remote Collaboration,Professional Skills
Remote Work,Professional Skills
Virtual Collaboration,Professional Skills

